{"accuracy": [0.256510853767395, 0.4824707806110382, 0.6023372411727905, 0.6767946481704712, 0.7235392332077026, 0.7702838182449341, 0.8041736483573914, 0.8329716324806213, 0.8582637906074524, 0.8732888102531433, 0.9022537469863892, 0.9108514189720154, 0.9232053160667419, 0.9358096718788147, 0.9413188695907593, 0.9496660828590393, 0.9576794505119324, 0.9594323635101318, 0.9577629566192627, 0.9622704386711121, 0.9694491028785706, 0.9706177115440369, 0.975459098815918, 0.9787145256996155, 0.9772955179214478, 0.9786310791969299, 0.9824708104133606, 0.9799666404724121, 0.9767946600914001, 0.9810517430305481], "loss": [1.99656343460083, 1.4403687715530396, 1.137058138847351, 0.9430336356163025, 0.8109554052352905, 0.6773192286491394, 0.5733556747436523, 0.49451756477355957, 0.4160427153110504, 0.3620913624763489, 0.29745522141456604, 0.2623506486415863, 0.23509815335273743, 0.19186614453792572, 0.17319481074810028, 0.15287703275680542, 0.12666574120521545, 0.11554870754480362, 0.1260312795639038, 0.11470603942871094, 0.09255927801132202, 0.08803274482488632, 0.07522820681333542, 0.06574380397796631, 0.07220764458179474, 0.06866136938333511, 0.05396178737282753, 0.06266307830810547, 0.06850196421146393, 0.05815097689628601], "val_accuracy": [0.41535893082618713, 0.6219532489776611, 0.6117696166038513, 0.7278798222541809, 0.7798831462860107, 0.8080968260765076, 0.8438230156898499, 0.8856427669525146, 0.9027546048164368, 0.9380634427070618, 0.931969940662384, 0.9450751543045044, 0.9562604427337646, 0.963939905166626, 0.9746243953704834, 0.9799666404724121, 0.9818865060806274, 0.9868948459625244, 0.978797972202301, 0.9914858341217041, 0.9905676245689392, 0.9858096837997437, 0.9915692806243896, 0.9871452450752258, 0.9900667667388916, 0.9944908022880554, 0.9878965020179749, 0.9939064979553223, 0.9900667667388916, 0.9944908022880554], "val_loss": [1.5757628679275513, 1.10359525680542, 1.1108653545379639, 0.8069881200790405, 0.6436566114425659, 0.5553408265113831, 0.4558650255203247, 0.3528858423233032, 0.29296958446502686, 0.20052242279052734, 0.2111794352531433, 0.16627296805381775, 0.13641536235809326, 0.11374946683645248, 0.08271744102239609, 0.0709199458360672, 0.05801283195614815, 0.048870883882045746, 0.063291534781456, 0.03285263478755951, 0.03285035118460655, 0.04980726167559624, 0.033908113837242126, 0.04097379371523857, 0.03297751769423485, 0.018408026546239853, 0.03724830970168114, 0.023769840598106384, 0.03291062265634537, 0.020552294328808784]}