{"accuracy": [0.2751252055168152, 0.505759596824646, 0.613021731376648, 0.6829715967178345, 0.7318029999732971, 0.7742069959640503, 0.8013355731964111, 0.8311352133750916, 0.8538397550582886, 0.8802170157432556, 0.8976627588272095, 0.9155258536338806, 0.9224541187286377, 0.9386477470397949, 0.9388146996498108, 0.9530050158500671, 0.95350581407547, 0.9578464031219482, 0.9612687826156616, 0.9691151976585388, 0.965776264667511, 0.968948245048523, 0.973038375377655, 0.9768781065940857, 0.9775459170341492, 0.9774624109268188, 0.9779632687568665, 0.9833889603614807, 0.9805509448051453, 0.988480806350708], "loss": [1.9639004468917847, 1.3951923847198486, 1.1151254177093506, 0.9337301254272461, 0.7966721653938293, 0.6700124144554138, 0.5857748985290527, 0.4905175268650055, 0.4322166442871094, 0.3504658341407776, 0.3059963881969452, 0.252860963344574, 0.23023180663585663, 0.18312197923660278, 0.18231357634067535, 0.13934464752674103, 0.1379937082529068, 0.12921319901943207, 0.115874283015728, 0.0897117555141449, 0.10186101496219635, 0.09341622143983841, 0.08022189140319824, 0.07461287826299667, 0.06847886741161346, 0.06603460758924484, 0.06677144765853882, 0.054022643715143204, 0.06228478625416756, 0.039578672498464584], "val_accuracy": [0.4425709545612335, 0.6234557628631592, 0.6771285533905029, 0.7105175256729126, 0.7716193795204163, 0.8240400552749634, 0.8480801582336426, 0.8774624466896057, 0.9114357233047485, 0.941652774810791, 0.9285475611686707, 0.9435726404190063, 0.9551752805709839, 0.9677796363830566, 0.9658597707748413, 0.9425709247589111, 0.9811352491378784, 0.9840567708015442, 0.9813856482505798, 0.9844741225242615, 0.9897328615188599, 0.9853923320770264, 0.9938230514526367, 0.9909849762916565, 0.9962437152862549, 0.9966611266136169, 0.9949081540107727, 0.9939064979553223, 0.9958263635635376, 0.997412383556366], "val_loss": [1.5640833377838135, 1.1256332397460938, 0.9728192687034607, 0.8499107360839844, 0.6654651165008545, 0.5161288976669312, 0.44327113032341003, 0.351506769657135, 0.27593448758125305, 0.1793363094329834, 0.21359093487262726, 0.1653856784105301, 0.1343146115541458, 0.11042454838752747, 0.11354397982358932, 0.16863341629505157, 0.07090936601161957, 0.056558165699243546, 0.05992215499281883, 0.053395338356494904, 0.035692501813173294, 0.046400826424360275, 0.02189292386174202, 0.02734512835741043, 0.017854666337370872, 0.013328933157026768, 0.019096964970231056, 0.021435357630252838, 0.018476776778697968, 0.012362729758024216]}