{"accuracy": [0.256510853767395, 0.4868113398551941, 0.6037562489509583, 0.6705342531204224, 0.7176126837730408, 0.7609348893165588, 0.7900667786598206, 0.8247078657150269, 0.8558430671691895, 0.8670283555984497, 0.8900668025016785, 0.908180296421051, 0.9238731265068054, 0.9290484189987183, 0.9456594586372375, 0.9421535730361938, 0.9513355493545532, 0.9623539447784424, 0.9612687826156616, 0.9664440751075745, 0.9699499011039734, 0.9712854623794556, 0.9708681106567383, 0.9743739366531372, 0.9732888340950012, 0.9766277074813843, 0.9832220077514648, 0.9785475730895996, 0.9803004860877991, 0.9838063716888428], "loss": [2.0164573192596436, 1.4318996667861938, 1.1353044509887695, 0.956322968006134, 0.8308801651000977, 0.7097032070159912, 0.618607759475708, 0.52174311876297, 0.4317184388637543, 0.3945249319076538, 0.32792097330093384, 0.27752962708473206, 0.22621507942676544, 0.21281787753105164, 0.1617358922958374, 0.17141935229301453, 0.14534451067447662, 0.11096660047769547, 0.12025453895330429, 0.10453958064317703, 0.09410208463668823, 0.08817828446626663, 0.0865618959069252, 0.07645442336797714, 0.07905231416225433, 0.07260498404502869, 0.04990920051932335, 0.06889234483242035, 0.05953522026538849, 0.0508313812315464], "val_accuracy": [0.39666110277175903, 0.5724540948867798, 0.6780467629432678, 0.7419031858444214, 0.7494991421699524, 0.8318864703178406, 0.8582637906074524, 0.879382312297821, 0.8954089879989624, 0.923622727394104, 0.9428213834762573, 0.9348080158233643, 0.9638563990592957, 0.9640233516693115, 0.9636895060539246, 0.9448246955871582, 0.9752921462059021, 0.9772120118141174, 0.9774624109268188, 0.9916527271270752, 0.9902337193489075, 0.9837228655815125, 0.9898998141288757, 0.982721209526062, 0.9924039840698242, 0.9946577548980713, 0.9902337193489075, 0.991068422794342, 0.9978297352790833, 0.9861435890197754], "val_loss": [1.6513826847076416, 1.1700975894927979, 0.9327259063720703, 0.7516910433769226, 0.7269760370254517, 0.5110584497451782, 0.4457060694694519, 0.37144121527671814, 0.31025242805480957, 0.2402445673942566, 0.19401778280735016, 0.19903214275836945, 0.1314626783132553, 0.1105777770280838, 0.11213123053312302, 0.16201826930046082, 0.08596083521842957, 0.06951423734426498, 0.06778378784656525, 0.03453890606760979, 0.03355056792497635, 0.05092920735478401, 0.03525242581963539, 0.05449153110384941, 0.026002632454037666, 0.019504427909851074, 0.034372102469205856, 0.031772878021001816, 0.010700839571654797, 0.04685491696000099]}